Q,Change in Unemployment Rate,Change in Normalized AQI,City,Quadrant
2018-2,-5.723333333333336,-0.014377141810530486,Agartala,4
2018-2,1.236666666666666,-0.014065950052191911,Agra,2
2018-2,-0.1399999999999988,-0.014941672066233314,Aizwal,4
2018-2,-0.8766666666666669,-0.014164241522478527,Amritsar,4
2018-2,-1.3166666666666673,-0.01719467453316975,Asansol,4
2018-2,0.7166666666666672,-0.014418533589779542,Aurangabad,2
2018-2,1.236666666666666,-0.014406930070808621,Bareilly,2
2018-2,-0.7633333333333336,-0.01433546736937083,Belgaum,4
2018-2,-0.7633333333333336,-0.014116770413843432,Bengaluru,4
2018-2,-0.9899999999999998,-0.014368907443435497,Bhopal,4
2018-2,-0.8766666666666669,-0.013978636955105816,Chandigarh,4
2018-2,-0.8399999999999996,-0.01383505256517592,Chennai,4
2018-2,-0.8399999999999996,-0.014476069536901254,Coimbatore,4
2018-2,-0.43999999999999995,-0.014138875976806714,Dehradun,4
2018-2,4.843333333333334,-0.01333970786703187,Delhi,2
2018-2,3.9333333333333353,-0.013234142128309867,Faridabad,2
2018-2,-0.22666666666666657,-0.014416131812295535,Gandhinagar,4
2018-2,1.236666666666666,-0.013012520505902125,Ghaziabad,2
2018-2,1.236666666666666,-0.014606596517202697,Gorakhpur,2
2018-2,-0.9899999999999998,-0.014353883609206003,Gwalior,4
2018-2,-2.3066666666666666,-0.014332335424854903,Hyderabad,4
2018-2,-0.1399999999999988,-0.014369101861441691,Imphal,4
2018-2,-0.9899999999999998,-0.014685378580770292,Indore,4
2018-2,-0.9899999999999998,-0.014403972251659292,Jabalpur,4
2018-2,-1.1399999999999988,-0.01421125464711051,Jaipur,4
2018-2,-0.8766666666666669,-0.010830734352937688,Jalandhar,4
2018-2,-1.1399999999999988,-0.012690518730170408,Jodhpur,4
2018-2,1.236666666666666,-0.014178083614255627,Kanpur,2
2018-2,-1.2366666666666655,-0.014459856955895259,Kochi,4
2018-2,-0.1399999999999988,-0.01444620017217868,Kohima,4
2018-2,-1.3166666666666673,-0.014794548240652072,Kolkata,4
2018-2,-1.1399999999999988,-0.013547824308148049,Kota,4
2018-2,-1.2366666666666655,-0.01371907885983878,Kozhikode,4
2018-2,1.236666666666666,-0.014465575256074753,Lucknow,2
2018-2,-0.8766666666666669,-0.0112247835566337,Ludhiana,4
2018-2,-0.7633333333333336,-0.013339441414511571,Mangalore,4
2018-2,1.236666666666666,-0.01421762361949419,Meerut,2
2018-2,1.236666666666666,-0.014378616806078853,Moradabad,2
2018-2,0.7166666666666672,-0.015309502076520543,Mumbai,2
2018-2,-0.7633333333333336,-0.014301846686944578,Mysuru,4
2018-2,0.7166666666666672,-0.01716530144236189,Nashik,2
2018-2,-0.23000000000000043,-0.014837604918225167,Patna,4
2018-2,1.236666666666666,-0.014401591502302441,Prayagraj,2
2018-2,-1.906666666666667,-0.01400205076335595,Puducherry,4
2018-2,0.7166666666666672,-0.015365815673909156,Pune,2
2018-2,-1.3966666666666674,-0.014704477224738416,Shillong,4
2018-2,0.7166666666666672,-0.01959136215405463,Solapur,2
2018-2,-1.8566666666666656,-0.013854762434619639,Srinagar,4
2018-2,-1.2366666666666655,-0.014215256060023149,Thiruvananthapuram,4
2018-2,1.236666666666666,-0.014502772363238575,Varanasi,2
2018-2,-0.6033333333333335,-0.018907247931810284,Visakhapatnam,4
2018-3,8.343333333333334,-0.008672950941116753,Agartala,2
2018-3,2.0666666666666664,-0.008027209683021286,Agra,2
2018-3,0.6466666666666656,-0.007946017191473365,Aizwal,2
2018-3,0.3099999999999996,-0.007774446125016182,Amritsar,2
2018-3,-0.7200000000000006,-0.007095280124302578,Asansol,4
2018-3,-0.4266666666666672,-0.007857173680000329,Aurangabad,4
2018-3,2.0666666666666664,-0.007759607730595475,Bareilly,2
2018-3,-0.5866666666666667,-0.008034105268119457,Belgaum,4
2018-3,-0.5866666666666667,-0.007920601301490832,Bengaluru,4
2018-3,2.0999999999999996,-0.0080063850084231,Bhopal,2
2018-3,0.3099999999999996,-0.008062672157996331,Chandigarh,2
2018-3,0.16666666666666652,-0.0075527355955025965,Chennai,2
2018-3,0.16666666666666652,-0.007998400033192896,Coimbatore,2
2018-3,0.6133333333333331,-0.007792374470525082,Dehradun,2
2018-3,3.66,-0.010106457182439188,Delhi,2
2018-3,0.6633333333333304,-0.010890203915844499,Faridabad,2
2018-3,-1.3499999999999996,-0.006267620903003923,Gandhinagar,4
2018-3,2.0666666666666664,-0.010932552001528262,Ghaziabad,2
2018-3,2.0666666666666664,-0.00788033621762771,Gorakhpur,2
2018-3,2.0999999999999996,-0.007871766879176512,Gwalior,2
2018-3,-0.8166666666666668,-0.00831584448947606,Hyderabad,4
2018-3,0.6466666666666656,-0.007918897165977462,Imphal,2
2018-3,2.0999999999999996,-0.00787699041145229,Indore,2
2018-3,2.0999999999999996,-0.007874268453658198,Jabalpur,2
2018-3,1.3266666666666662,-0.007864969140623956,Jaipur,2
2018-3,0.3099999999999996,-0.010399746532507859,Jalandhar,2
2018-3,1.3266666666666662,-0.01357609628211405,Jodhpur,2
2018-3,2.0666666666666664,-0.007923214864186817,Kanpur,2
2018-3,0.2166666666666659,-0.007982957059834053,Kochi,2
2018-3,0.6466666666666656,-0.007863068368063386,Kohima,2
2018-3,-0.7200000000000006,-0.009254291002017023,Kolkata,4
2018-3,1.3266666666666662,-0.006925496069332127,Kota,2
2018-3,0.2166666666666659,-0.00812425204260972,Kozhikode,2
2018-3,2.0666666666666664,-0.007794310550785832,Lucknow,2
2018-3,0.3099999999999996,-0.009967401944537518,Ludhiana,2
2018-3,-0.5866666666666667,-0.008346841158566806,Mangalore,4
2018-3,2.0666666666666664,-0.008014939109774633,Meerut,2
2018-3,2.0666666666666664,-0.007765255016738248,Moradabad,2
2018-3,-0.4266666666666672,-0.007651244267465551,Mumbai,4
2018-3,-0.5866666666666667,-0.007923289232743824,Mysuru,4
2018-3,-0.4266666666666672,-0.004686785623393724,Nashik,4
2018-3,1.0999999999999996,-0.00836611014935923,Patna,2
2018-3,2.0666666666666664,-0.007725967691694674,Prayagraj,2
2018-3,0.9333333333333338,-0.007236114560577753,Puducherry,2
2018-3,-0.4266666666666672,-0.008702216203246516,Pune,4
2018-3,-2.999999999999999,-0.00822462608043506,Shillong,4
2018-3,-0.4266666666666672,-0.003455830932768064,Solapur,4
2018-3,-0.7766666666666673,-0.00771557184144106,Srinagar,4
2018-3,0.2166666666666659,-0.007369822461055456,Thiruvananthapuram,2
2018-3,2.0666666666666664,-0.007761166180164286,Varanasi,2
2018-3,0.7633333333333336,-0.0026656174589571036,Visakhapatnam,2
2018-4,2.573333333333334,0.024378786833223892,Agartala,1
2018-4,1.0633333333333335,0.025048474145732497,Agra,1
2018-4,0.7000000000000002,0.02446659335380233,Aizwal,1
2018-4,0.8099999999999996,0.025074986422899043,Amritsar,1
2018-4,-0.16333333333333222,0.028155692479365474,Asansol,3
2018-4,-0.2400000000000002,0.025003593687737524,Aurangabad,3
2018-4,1.0633333333333335,0.025028360404457745,Bareilly,1
2018-4,-0.07333333333333325,0.024928917292913064,Belgaum,3
2018-4,-0.07333333333333325,0.024467560146107015,Bengaluru,3
2018-4,2.2366666666666672,0.025068133998649794,Bhopal,1
2018-4,0.8099999999999996,0.024718033739554446,Chandigarh,1
2018-4,0.07666666666666644,0.025384406811675364,Chennai,1
2018-4,0.07666666666666644,0.024977089400141164,Coimbatore,1
2018-4,2.963333333333334,0.024691538574920957,Dehradun,1
2018-4,-0.23000000000000043,0.02637547515799077,Delhi,3
2018-4,2.3000000000000007,0.025304707067338894,Faridabad,1
2018-4,1.2299999999999995,0.023066795907329463,Gandhinagar,1
2018-4,1.0633333333333335,0.026078712130238213,Ghaziabad,1
2018-4,1.0633333333333335,0.025376483671572497,Gorakhpur,1
2018-4,2.2366666666666672,0.02492610512671742,Gwalior,1
2018-4,0.24,0.024140089714404178,Hyderabad,1
2018-4,0.7000000000000002,0.024251078514406832,Imphal,1
2018-4,2.2366666666666672,0.025254192308792223,Indore,1
2018-4,2.2366666666666672,0.025142464200828843,Jabalpur,1
2018-4,4.73,0.02477854832933346,Jaipur,1
2018-4,0.8099999999999996,0.022729478567717898,Jalandhar,1
2018-4,4.73,0.02718572402235929,Jodhpur,1
2018-4,1.0633333333333335,0.025064752633993354,Kanpur,1
2018-4,-0.05000000000000071,0.026211193462408217,Kochi,3
2018-4,0.7000000000000002,0.024388671994063443,Kohima,1
2018-4,-0.16333333333333222,0.02515337860979705,Kolkata,3
2018-4,4.73,0.024781431918117214,Kota,1
2018-4,-0.05000000000000071,0.025478717095940684,Kozhikode,3
2018-4,1.0633333333333335,0.024907075601814876,Lucknow,1
2018-4,0.8099999999999996,0.02397765332629942,Ludhiana,1
2018-4,-0.07333333333333325,0.025041019312829538,Mangalore,3
2018-4,1.0633333333333335,0.025130910419113167,Meerut,1
2018-4,1.0633333333333335,0.025171307003634014,Moradabad,1
2018-4,-0.2400000000000002,0.02434645001345842,Mumbai,3
2018-4,-0.07333333333333325,0.024747504838582277,Mysuru,3
2018-4,-0.2400000000000002,0.02293763965171311,Nashik,3
2018-4,1.663333333333333,0.02524355310818599,Patna,1
2018-4,1.0633333333333335,0.02474726900595911,Prayagraj,1
2018-4,-2.0400000000000005,0.025315270418810112,Puducherry,3
2018-4,-0.2400000000000002,0.025334137851456773,Pune,3
2018-4,-0.5900000000000003,0.023894405530933582,Shillong,3
2018-4,-0.2400000000000002,0.028873814660766925,Solapur,3
2018-4,1.2033333333333331,0.023915323941752276,Srinagar,1
2018-4,-0.05000000000000071,0.02625537785483613,Thiruvananthapuram,3
2018-4,1.0633333333333335,0.02455331645361697,Varanasi,1
2018-4,0.17999999999999972,0.023955063575739205,Visakhapatnam,1
2018-4,-2.834999999999999,0.021077073313779643,Gangtok,3
2019-1,-3.446666666666662,-0.011360893153793794,Agartala,4
2019-1,1.2599999999999998,-0.011351438301410915,Agra,2
2019-1,0.07000000000000028,-0.01126461969172289,Aizwal,2
2019-1,2.196666666666669,-0.01156999329471703,Amritsar,2
2019-1,0.23999999999999932,-0.009768285255059711,Asansol,2
2019-1,0.643333333333334,-0.011079173853559665,Aurangabad,2
2019-1,1.2599999999999998,-0.011532359323871089,Bareilly,2
2019-1,-0.009999999999999787,-0.01119900814227727,Belgaum,4
2019-1,-0.009999999999999787,-0.011214150544958723,Bengaluru,4
2019-1,-1.3900000000000006,-0.011636349720046124,Bhopal,4
2019-1,2.196666666666669,-0.011381195099296748,Chandigarh,2
2019-1,-0.10333333333333306,-0.011702013352717644,Chennai,4
2019-1,-0.10333333333333306,-0.012398899487118753,Coimbatore,4
2019-1,-0.08666666666666689,-0.011305162397204638,Dehradun,4
2019-1,1.7200000000000006,-0.012308183344764245,Delhi,2
2019-1,-1.336666666666666,-0.0120610450381064,Faridabad,4
2019-1,-0.09333333333333282,-0.011538926161879848,Gandhinagar,4
2019-1,1.2599999999999998,-0.012001405464213355,Ghaziabad,2
2019-1,1.2599999999999998,-0.011564054561844839,Gorakhpur,2
2019-1,-1.3900000000000006,-0.011306473071211826,Gwalior,4
2019-1,1.69,-0.01168504610576565,Hyderabad,2
2019-1,0.07000000000000028,-0.01096918503419747,Imphal,2
2019-1,-1.3900000000000006,-0.011648537450126367,Indore,4
2019-1,-1.3900000000000006,-0.011243434438004574,Jabalpur,4
2019-1,-4.35,-0.011526000692930721,Jaipur,4
2019-1,2.196666666666669,-0.011599149347718274,Jalandhar,2
2019-1,-4.35,-0.015452718585921732,Jodhpur,4
2019-1,1.2599999999999998,-0.011091277885651507,Kanpur,2
2019-1,-0.4333333333333327,-0.01214237358118024,Kochi,4
2019-1,0.07000000000000028,-0.01089246670340685,Kohima,2
2019-1,0.23999999999999932,-0.01181748142647332,Kolkata,2
2019-1,-4.35,-0.010470177634566313,Kota,4
2019-1,-0.4333333333333327,-0.011615409593035392,Kozhikode,4
2019-1,1.2599999999999998,-0.011202356644743339,Lucknow,2
2019-1,2.196666666666669,-0.011046111463913905,Ludhiana,2
2019-1,-0.009999999999999787,-0.011616815150590945,Mangalore,4
2019-1,1.2599999999999998,-0.011617246382053609,Meerut,2
2019-1,1.2599999999999998,-0.011693337737462839,Moradabad,2
2019-1,0.643333333333334,-0.010496160316017356,Mumbai,2
2019-1,-0.009999999999999787,-0.01219853927235083,Mysuru,4
2019-1,0.643333333333334,-0.010643757788461106,Nashik,2
2019-1,0.8399999999999999,-0.01163088247385502,Patna,2
2019-1,1.2599999999999998,-0.011120409600469838,Prayagraj,2
2019-1,0.49666666666666676,-0.01205519648181938,Puducherry,2
2019-1,0.643333333333334,-0.0113753933918056,Pune,2
2019-1,0.17333333333333378,-0.010496979468468837,Shillong,2
2019-1,0.643333333333334,-0.012358312042375766,Solapur,2
2019-1,4.2233333333333345,-0.011290780779360354,Srinagar,2
2019-1,-0.4333333333333327,-0.013074688798184742,Thiruvananthapuram,4
2019-1,1.2599999999999998,-0.011314183499812669,Varanasi,2
2019-1,0.3799999999999999,-0.009550202011533282,Visakhapatnam,2
2019-1,1.0316666666666663,-0.009754418081331248,Gangtok,2
2019-2,0.31999999999999673,-0.015395241418944688,Agartala,2
2019-2,1.870000000000001,-0.016067127546564253,Agra,2
2019-2,0.5133333333333336,-0.015430340234542136,Aizwal,2
2019-2,-0.6233333333333348,-0.016118117322342418,Amritsar,4
2019-2,-0.07000000000000028,-0.019635954933752198,Asansol,4
2019-2,0.4333333333333327,-0.015968559500277188,Aurangabad,2
2019-2,1.870000000000001,-0.016032269308713237,Bareilly,2
2019-2,2.4033333333333333,-0.015869546803521373,Belgaum,2
2019-2,2.4033333333333333,-0.015762154200477663,Bengaluru,2
2019-2,-0.5266666666666664,-0.01626227282943246,Bhopal,4
2019-2,-0.6233333333333348,-0.015663033578066032,Chandigarh,4
2019-2,-0.8400000000000001,-0.01578366190412417,Chennai,4
2019-2,-0.8400000000000001,-0.01580235127126968,Coimbatore,4
2019-2,0.3166666666666673,-0.015816224467270157,Dehradun,2
2019-2,-1.1433333333333344,-0.015816226486294438,Delhi,4
2019-2,2.8633333333333333,-0.01567451095407496,Faridabad,2
2019-2,-1.3466666666666667,-0.015742478002019833,Gandhinagar,4
2019-2,1.870000000000001,-0.01530543001822482,Ghaziabad,2
2019-2,1.870000000000001,-0.016190736400111594,Gorakhpur,2
2019-2,-0.5266666666666664,-0.01604319675678545,Gwalior,4
2019-2,0.5300000000000002,-0.016574281319100714,Hyderabad,2
2019-2,0.5133333333333336,-0.015646275528183096,Imphal,2
2019-2,-0.5266666666666664,-0.016076840863166922,Indore,4
2019-2,-0.5266666666666664,-0.01610537045244044,Jabalpur,4
2019-2,1.7100000000000009,-0.015935769338305983,Jaipur,2
2019-2,-0.6233333333333348,-0.01608198608869363,Jalandhar,4
2019-2,1.7100000000000009,-0.012050849330013755,Jodhpur,2
2019-2,1.870000000000001,-0.016336986649287233,Kanpur,2
2019-2,0.8966666666666665,-0.016660141523581973,Kochi,2
2019-2,0.5133333333333336,-0.01584258911149533,Kohima,2
2019-2,-0.07000000000000028,-0.017189289424118792,Kolkata,4
2019-2,1.7100000000000009,-0.015764590619972985,Kota,2
2019-2,0.8966666666666665,-0.016247610597214107,Kozhikode,2
2019-2,1.870000000000001,-0.016469949462534245,Lucknow,2
2019-2,-0.6233333333333348,-0.01455370015625329,Ludhiana,4
2019-2,2.4033333333333333,-0.01569797234679908,Mangalore,2
2019-2,1.870000000000001,-0.015883111902909808,Meerut,2
2019-2,1.870000000000001,-0.015943921497294344,Moradabad,2
2019-2,0.4333333333333327,-0.0182280732459989,Mumbai,2
2019-2,2.4033333333333333,-0.015410451732403935,Mysuru,2
2019-2,0.4333333333333327,-0.01651565390871526,Nashik,2
2019-2,0.6333333333333346,-0.015927624418157343,Patna,2
2019-2,1.870000000000001,-0.01604156440028018,Prayagraj,2
2019-2,-0.5666666666666668,-0.01554818577596194,Puducherry,4
2019-2,0.4333333333333327,-0.01714064689824768,Pune,2
2019-2,0.12999999999999945,-0.01551905892684019,Shillong,2
2019-2,0.4333333333333327,-0.017745746141955482,Solapur,2
2019-2,-1.953333333333335,-0.015789385906507303,Srinagar,4
2019-2,0.8966666666666665,-0.016156738043608093,Thiruvananthapuram,2
2019-2,1.870000000000001,-0.01593591451007248,Varanasi,2
2019-2,-1.4966666666666666,-0.017848754808882678,Visakhapatnam,4
2019-2,-0.41666666666666785,-0.015723371521127655,Gangtok,4
2019-3,-0.06666666666666643,-0.004978105125586468,Agartala,4
2019-3,-1.1233333333333348,-0.004716850290485158,Agra,4
2019-3,0.1399999999999988,-0.004782686816763748,Aizwal,2
2019-3,-0.1533333333333342,-0.004727964184726291,Amritsar,4
2019-3,-0.1466666666666656,-0.006037169914504398,Asansol,4
2019-3,0.5166666666666666,-0.004619525534416857,Aurangabad,2
2019-3,-1.1233333333333348,-0.004558018961649091,Bareilly,4
2019-3,-2.2266666666666666,-0.005015202165935789,Belgaum,4
2019-3,-2.2266666666666666,-0.004764820119535218,Bengaluru,4
2019-3,-0.08999999999999986,-0.004556443799201587,Bhopal,4
2019-3,-0.1533333333333342,-0.004921158909179768,Chandigarh,4
2019-3,3.0233333333333334,-0.004713308989143045,Chennai,2
2019-3,3.0233333333333334,-0.005498658203192425,Coimbatore,2
2019-3,1.0299999999999985,-0.004633609207342182,Dehradun,2
2019-3,5.070000000000002,-0.006517612863553568,Delhi,2
2019-3,0.5466666666666669,-0.0074145228858826795,Faridabad,2
2019-3,1.0166666666666666,-0.0035386349322670263,Gandhinagar,2
2019-3,-1.1233333333333348,-0.007240424017228908,Ghaziabad,4
2019-3,-1.1233333333333348,-0.004663078164906048,Gorakhpur,4
2019-3,-0.08999999999999986,-0.004623952352977509,Gwalior,4
2019-3,0.33000000000000007,-0.006371820299693881,Hyderabad,2
2019-3,0.1399999999999988,-0.004853954352265377,Imphal,2
2019-3,-0.08999999999999986,-0.004232266026870102,Indore,4
2019-3,-0.08999999999999986,-0.004589496259792686,Jabalpur,4
2019-3,-0.7533333333333356,-0.004814685516897871,Jaipur,4
2019-3,-0.1533333333333342,-0.0035246933245335066,Jalandhar,4
2019-3,-0.7533333333333356,-0.0052292589577475485,Jodhpur,4
2019-3,-1.1233333333333348,-0.00467002884199319,Kanpur,4
2019-3,-0.796666666666666,-0.0042200319882981785,Kochi,4
2019-3,0.1399999999999988,-0.004803021081281944,Kohima,2
2019-3,-0.1466666666666656,-0.006815769140758432,Kolkata,4
2019-3,-0.7533333333333356,-0.005028187401217854,Kota,4
2019-3,-0.796666666666666,-0.004439217873305007,Kozhikode,4
2019-3,-1.1233333333333348,-0.0048458573729204535,Lucknow,4
2019-3,-0.1533333333333342,-0.004828667380046836,Ludhiana,4
2019-3,-2.2266666666666666,-0.00466153617439867,Mangalore,4
2019-3,-1.1233333333333348,-0.004893964714608817,Meerut,4
2019-3,-1.1233333333333348,-0.004577277537287788,Moradabad,4
2019-3,0.5166666666666666,-0.00489090963856037,Mumbai,2
2019-3,-2.2266666666666666,-0.006071036526371032,Mysuru,4
2019-3,0.5166666666666666,-0.003609095096739401,Nashik,2
2019-3,0.7966666666666669,-0.004750085730691911,Patna,2
2019-3,-1.1233333333333348,-0.004611523368378695,Prayagraj,4
2019-3,2.3600000000000003,-0.004499351948599045,Puducherry,2
2019-3,0.5166666666666666,-0.00593524452645669,Pune,2
2019-3,-2.3133333333333335,-0.005047441383719223,Shillong,4
2019-3,0.5166666666666666,-0.0071190103536615396,Solapur,2
2019-3,5.679999999999998,-0.004654273916303131,Srinagar,2
2019-3,-0.796666666666666,-0.004001515108965695,Thiruvananthapuram,4
2019-3,-1.1233333333333348,-0.004727848452673461,Varanasi,4
2019-3,0.5766666666666667,-0.0046724520289451454,Visakhapatnam,2
2019-3,-3.9366666666666665,-0.004683529433435196,Gangtok,4
2019-4,-0.2766666666666673,0.016123779301654706,Agartala,3
2019-4,-0.8533333333333317,0.017092917718030953,Agra,3
2019-4,0.08666666666666778,0.016014382501384677,Aizwal,1
2019-4,-0.23666666666666636,0.01631216404008143,Amritsar,3
2019-4,0.18666666666666565,0.022227745273699112,Asansol,1
2019-4,0.023333333333333428,0.016959718242629207,Aurangabad,1
2019-4,-0.8533333333333317,0.016792384733938515,Bareilly,3
2019-4,1.1866666666666668,0.01655705730488194,Belgaum,1
2019-4,1.1866666666666668,0.01609877387483838,Bengaluru,1
2019-4,-1.2700000000000005,0.019563305771111705,Bhopal,3
2019-4,-0.23666666666666636,0.016249032480518677,Chandigarh,3
2019-4,-0.96,0.01620298872588591,Chennai,3
2019-4,-0.96,0.013256132230761344,Coimbatore,3
2019-4,-0.5599999999999996,0.016371944389870635,Dehradun,3
2019-4,-2.9633333333333347,0.017289451256851107,Delhi,3
2019-4,0.8533333333333317,0.016276518899302816,Faridabad,1
2019-4,0.18333333333333357,0.01465726119457661,Gandhinagar,1
2019-4,-0.8533333333333317,0.017208919401745515,Ghaziabad,3
2019-4,-0.8533333333333317,0.017108332308447244,Gorakhpur,3
2019-4,-1.2700000000000005,0.016865869874180803,Gwalior,3
2019-4,1.81,0.015134114988228725,Hyderabad,1
2019-4,0.08666666666666778,0.015903297668858313,Imphal,1
2019-4,-1.2700000000000005,0.018007532974418358,Indore,3
2019-4,-1.2700000000000005,0.019968999920108907,Jabalpur,3
2019-4,3.3033333333333346,0.016210914424796524,Jaipur,1
2019-4,-0.23666666666666636,0.016799343010345524,Jalandhar,3
2019-4,3.3033333333333346,0.012068987599250847,Jodhpur,1
2019-4,-0.8533333333333317,0.017082416336931056,Kanpur,3
2019-4,0.5566666666666658,0.01715018270435688,Kochi,1
2019-4,0.08666666666666778,0.016094017673826608,Kohima,1
2019-4,0.18666666666666565,0.016569176572777233,Kolkata,1
2019-4,3.3033333333333346,0.01713382855886575,Kota,1
2019-4,0.5566666666666658,0.017178114584684184,Kozhikode,1
2019-4,-0.8533333333333317,0.01687284912985368,Lucknow,3
2019-4,-0.23666666666666636,0.018013341747264183,Ludhiana,3
2019-4,1.1866666666666668,0.017099843751106486,Mangalore,1
2019-4,-0.8533333333333317,0.016581960788452005,Meerut,3
2019-4,-0.8533333333333317,0.016794165479317447,Moradabad,3
2019-4,0.023333333333333428,0.016323779574827058,Mumbai,1
2019-4,1.1866666666666668,0.012731997623201236,Mysuru,1
2019-4,0.023333333333333428,0.016051950629659778,Nashik,1
2019-4,0.2400000000000002,0.01633088020502607,Patna,1
2019-4,-0.8533333333333317,0.016580559934341432,Prayagraj,3
2019-4,-0.7000000000000002,0.016702581577109396,Puducherry,3
2019-4,0.023333333333333428,0.015905250586855102,Pune,1
2019-4,1.3733333333333333,0.015562007423636628,Shillong,1
2019-4,0.023333333333333428,0.024019066777140483,Solapur,1
2019-4,-3.6233333333333313,0.016137512111229158,Srinagar,3
2019-4,0.5566666666666658,0.01728410281014911,Thiruvananthapuram,1
2019-4,-0.8533333333333317,0.01638334811026429,Varanasi,3
2019-4,0.336666666666666,0.01437989687546698,Visakhapatnam,1
2019-4,1.623333333333333,0.01643204080081348,Gangtok,1
2020-1,3.1066666666666656,-0.020076058547330647,Agartala,2
2020-1,-0.33000000000000007,-0.021118026521279254,Agra,4
2020-1,0.2666666666666666,-0.019591568218841754,Aizwal,2
2020-1,0.9266666666666659,-0.02166046814062908,Amritsar,2
2020-1,-0.20999999999999908,-0.021351458887939045,Asansol,4
2020-1,-0.07666666666666622,-0.02075585264191812,Aurangabad,4
2020-1,-0.33000000000000007,-0.02016942868294605,Bareilly,4
2020-1,0.35333333333333306,-0.0208066601486816,Belgaum,2
2020-1,0.35333333333333306,-0.02078271049162403,Bengaluru,2
2020-1,-0.023333333333332984,-0.024433618556421524,Bhopal,4
2020-1,0.9266666666666659,-0.021040342988216054,Chandigarh,2
2020-1,0.16999999999999993,-0.021499972253965938,Chennai,2
2020-1,0.16999999999999993,-0.01908788525487165,Coimbatore,2
2020-1,4.773333333333335,-0.02242585888842262,Dehradun,2
2020-1,4.809999999999999,-0.022061558596243147,Delhi,2
2020-1,0.06666666666666643,-0.021651077715027833,Faridabad,2
2020-1,1.049999999999999,-0.021501872525048177,Gandhinagar,2
2020-1,-0.33000000000000007,-0.021062809202763932,Ghaziabad,4
2020-1,-0.33000000000000007,-0.021059034915819785,Gorakhpur,4
2020-1,-0.023333333333332984,-0.021945508199655323,Gwalior,4
2020-1,1.3566666666666656,-0.021556007400184263,Hyderabad,2
2020-1,0.2666666666666666,-0.02062033633802375,Imphal,2
2020-1,-0.023333333333332984,-0.02329207864701012,Indore,4
2020-1,-0.023333333333332984,-0.023870195082334206,Jabalpur,4
2020-1,-0.9033333333333324,-0.02178419073803234,Jaipur,4
2020-1,0.9266666666666659,-0.01819205597418877,Jalandhar,2
2020-1,-0.9033333333333324,-0.01994884040659471,Jodhpur,4
2020-1,-0.33000000000000007,-0.02134913609982622,Kanpur,4
2020-1,-0.16999999999999993,-0.021479486221384084,Kochi,4
2020-1,0.2666666666666666,-0.020497937934157662,Kohima,2
2020-1,-0.20999999999999908,-0.021441457979494538,Kolkata,4
2020-1,-0.9033333333333324,-0.024266706942083424,Kota,4
2020-1,-0.16999999999999993,-0.02680311242307598,Kozhikode,4
2020-1,-0.33000000000000007,-0.02154515569445961,Lucknow,4
2020-1,0.9266666666666659,-0.02545515198635498,Ludhiana,2
2020-1,0.35333333333333306,-0.021875647887899183,Mangalore,2
2020-1,-0.33000000000000007,-0.019659499930308577,Meerut,4
2020-1,-0.33000000000000007,-0.02065827143419699,Moradabad,4
2020-1,-0.07666666666666622,-0.020552540202038838,Mumbai,4
2020-1,0.35333333333333306,-0.01906391195017948,Mysuru,2
2020-1,-0.07666666666666622,-0.019182936105754347,Nashik,4
2020-1,-0.04333333333333478,-0.020330383140125974,Patna,4
2020-1,-0.33000000000000007,-0.02039787916991398,Prayagraj,4
2020-1,-0.8633333333333335,-0.023655981750006758,Puducherry,4
2020-1,-0.07666666666666622,-0.022058158405707073,Pune,4
2020-1,-0.5999999999999996,-0.019243333589729017,Shillong,4
2020-1,-0.07666666666666622,-0.015180929928869477,Solapur,4
2020-1,3.1900000000000013,-0.021999442279119097,Srinagar,2
2020-1,-0.16999999999999993,-0.02342560430763406,Thiruvananthapuram,4
2020-1,-0.33000000000000007,-0.02100819160661546,Varanasi,4
2020-1,0.9033333333333342,-0.018473244322499666,Visakhapatnam,2
2020-1,16.853333333333335,-0.03524660625610772,Gangtok,2
2020-2,-2.1899999999999977,-0.03531318664115131,Agartala,4
2020-2,8.25,-0.03664147017428765,Agra,2
2020-2,10.566666666666666,-0.037815067887028424,Aizwal,2
2020-2,5.113333333333333,-0.028901340842195117,Amritsar,2
2020-2,7.776666666666666,-0.04081285771456533,Asansol,2
2020-2,10.053333333333335,-0.03679475511330494,Aurangabad,2
2020-2,8.25,-0.02661791608548575,Bareilly,2
2020-2,16.10666666666667,-0.03528337953391477,Belgaum,2
2020-2,16.10666666666667,-0.03522878555434343,Bengaluru,2
2020-2,9.973333333333334,-0.04273074002747779,Bhopal,2
2020-2,5.113333333333333,-0.035683806136709045,Chandigarh,2
2020-2,28.376666666666665,-0.04376177270439838,Chennai,2
2020-2,28.376666666666665,-0.03516405281737184,Coimbatore,2
2020-2,-2.410000000000001,-0.03743087849864514,Dehradun,4
2020-2,7.676666666666669,-0.03503641395062507,Delhi,2
2020-2,9.259999999999998,-0.034349284827199955,Faridabad,2
2020-2,5.146666666666669,-0.03955343788781024,Gandhinagar,2
2020-2,8.25,-0.03475148856904653,Ghaziabad,2
2020-2,8.25,-0.031209248614862017,Gorakhpur,2
2020-2,9.973333333333334,-0.03139601907710084,Gwalior,2
2020-2,3.9833333333333343,-0.03584749442496574,Hyderabad,2
2020-2,10.566666666666666,-0.036305074332942555,Imphal,2
2020-2,9.973333333333334,-0.04703242017978551,Indore,2
2020-2,9.973333333333334,-0.03469259152660473,Jabalpur,2
2020-2,3.2666666666666657,-0.03466026515473815,Jaipur,2
2020-2,5.113333333333333,-0.02836114096044498,Jalandhar,2
2020-2,3.2666666666666657,-0.029923430054907996,Jodhpur,2
2020-2,8.25,-0.03732591237551697,Kanpur,2
2020-2,7.56,-0.037851983310921135,Kochi,2
2020-2,10.566666666666666,-0.031198937244555462,Kohima,2
2020-2,7.776666666666666,-0.04117319540956005,Kolkata,2
2020-2,3.2666666666666657,-0.03342839650172852,Kota,2
2020-2,7.56,-0.04111195321554083,Kozhikode,2
2020-2,8.25,-0.037762884001080355,Lucknow,2
2020-2,5.113333333333333,-0.026591052676184945,Ludhiana,2
2020-2,16.10666666666667,-0.03476690713673295,Mangalore,2
2020-2,8.25,-0.027923215812266033,Meerut,2
2020-2,8.25,-0.021702090267288116,Moradabad,2
2020-2,10.053333333333335,-0.04200447637710519,Mumbai,2
2020-2,16.10666666666667,-0.03582058830155994,Mysuru,2
2020-2,10.053333333333335,-0.035044523810137396,Nashik,2
2020-2,24.696666666666665,-0.03153084239724116,Patna,2
2020-2,8.25,-0.028453895399907336,Prayagraj,2
2020-2,44.913333333333334,-0.03815385737529095,Puducherry,2
2020-2,10.053333333333335,-0.04238597687791937,Pune,2
2020-2,3.4233333333333325,-0.03541103620448036,Shillong,2
2020-2,10.053333333333335,-0.052483013484003825,Solapur,2
2020-2,-0.7900000000000027,-0.031298733369521436,Srinagar,4
2020-2,7.56,-0.03584667629756503,Thiruvananthapuram,2
2020-2,8.25,-0.03473068476972807,Varanasi,2
2020-2,8.05,-0.03692698599616295,Visakhapatnam,2
2020-2,-13.153333333333332,-0.02103172072674684,Gangtok,4
2020-3,-6.98,0.010927740228694263,Agartala,3
2020-3,-11.963333333333335,0.015202489886359638,Agra,3
2020-3,-11.0,0.0018529833934102305,Aizwal,3
2020-3,-5.9833333333333325,0.010015785278185946,Amritsar,3
2020-3,-3.700000000000001,0.013108161580020372,Asansol,3
2020-3,-10.31,0.0069270325338165115,Aurangabad,3
2020-3,-11.963333333333335,0.0045499228588393725,Bareilly,3
2020-3,-17.113333333333333,0.01056862861584524,Belgaum,3
2020-3,-17.113333333333333,0.011413987411094395,Bengaluru,3
2020-3,-9.036666666666667,0.011828334483844766,Bhopal,3
2020-3,-5.9833333333333325,0.011862995302915874,Chandigarh,3
2020-3,-26.91,0.00975605880656269,Chennai,3
2020-3,-26.91,0.009036478233919912,Coimbatore,3
2020-3,8.600000000000001,0.010345371700360595,Dehradun,1
2020-3,-10.173333333333336,0.010531727805827618,Delhi,3
2020-3,-7.309999999999999,0.01292029637946096,Faridabad,3
2020-3,-8.966666666666669,0.016772759075614777,Gandhinagar,3
2020-3,-11.963333333333335,0.010714581509802645,Ghaziabad,3
2020-3,-11.963333333333335,0.007584782570953963,Gorakhpur,3
2020-3,-9.036666666666667,0.006071920146652227,Gwalior,3
2020-3,-5.693333333333333,0.010250730488152615,Hyderabad,3
2020-3,-11.0,0.011516965684458078,Imphal,3
2020-3,-9.036666666666667,0.01658830393806479,Indore,3
2020-3,-9.036666666666667,0.008923094834877382,Jabalpur,3
2020-3,0.27999999999999936,0.01306969254614919,Jaipur,1
2020-3,-5.9833333333333325,0.008676135518746214,Jalandhar,3
2020-3,0.27999999999999936,0.008141137736236814,Jodhpur,1
2020-3,-11.963333333333335,0.011960959331615506,Kanpur,3
2020-3,-6.866666666666666,0.011821705949282772,Kochi,3
2020-3,-11.0,-0.003341039508989986,Kohima,4
2020-3,-3.700000000000001,0.004317984377258555,Kolkata,3
2020-3,0.27999999999999936,0.009431971867014013,Kota,1
2020-3,-6.866666666666666,0.003360038021289702,Kozhikode,3
2020-3,-11.963333333333335,0.010852473126844175,Lucknow,3
2020-3,-5.9833333333333325,0.012218112946814047,Ludhiana,3
2020-3,-17.113333333333333,0.011046917566502515,Mangalore,3
2020-3,-11.963333333333335,0.010221265838616739,Meerut,3
2020-3,-11.963333333333335,0.011152969523481854,Moradabad,3
2020-3,-10.31,0.010420637789100906,Mumbai,3
2020-3,-17.113333333333333,0.004765875689015618,Mysuru,3
2020-3,-10.31,0.00568432638842363,Nashik,3
2020-3,-24.093333333333334,0.0037071642027422247,Patna,3
2020-3,-11.963333333333335,0.006290890989961856,Prayagraj,3
2020-3,-35.62,0.006123831329262003,Puducherry,3
2020-3,-10.31,0.007141555300413341,Pune,3
2020-3,-2.3233333333333324,0.010540047453490957,Shillong,3
2020-3,-10.31,0.00629732527318088,Solapur,3
2020-3,-5.616666666666665,0.008259798650263384,Srinagar,3
2020-3,-6.866666666666666,-0.0023083971147361756,Thiruvananthapuram,4
2020-3,-11.963333333333335,0.007374617452315435,Varanasi,3
2020-3,-6.516666666666667,0.012983506693696967,Visakhapatnam,3
2020-3,-2.870000000000001,0.010732344688812491,Gangtok,3
2020-4,-6.890000000000001,0.054271523187336315,Agartala,3
2020-4,2.7766666666666664,0.08377405016391828,Agra,1
2020-4,0.04999999999999982,0.020081857813196463,Aizwal,1
2020-4,-2.6499999999999995,0.07449529450143172,Amritsar,3
2020-4,-1.1799999999999997,0.026851877110931982,Asansol,3
2020-4,-1.1933333333333334,0.039600912299690705,Aurangabad,3
2020-4,2.7766666666666664,0.07505745317269977,Bareilly,1
2020-4,-0.6933333333333331,0.031443672913472526,Belgaum,3
2020-4,-0.6933333333333331,0.019802896717981397,Bengaluru,3
2020-4,-0.706666666666667,0.03852626014530171,Bhopal,3
2020-4,-2.6499999999999995,0.04588787474174555,Chandigarh,3
2020-4,-3.539999999999999,0.03207451844318543,Chennai,3
2020-4,-3.539999999999999,0.031165905868993343,Coimbatore,3
2020-4,-11.003333333333334,0.03474179996316326,Dehradun,3
2020-4,-8.739999999999998,0.11461294555290052,Delhi,3
2020-4,2.8033333333333346,0.15647089370446393,Faridabad,1
2020-4,1.273333333333333,0.04195790569702572,Gandhinagar,1
2020-4,2.7766666666666664,0.12448665821448751,Ghaziabad,1
2020-4,2.7766666666666664,0.0850001456964215,Gorakhpur,1
2020-4,-0.706666666666667,0.04887500794579515,Gwalior,3
2020-4,-0.9600000000000004,0.0862725167024061,Hyderabad,3
2020-4,0.04999999999999982,0.03587858753633938,Imphal,1
2020-4,-0.706666666666667,0.04727000867070098,Indore,3
2020-4,-0.706666666666667,0.03333978894772267,Jabalpur,3
2020-4,7.393333333333331,0.05396035603487562,Jaipur,1
2020-4,-2.6499999999999995,0.07286279997343553,Jalandhar,3
2020-4,7.393333333333331,0.0372136749091596,Jodhpur,1
2020-4,2.7766666666666664,0.08650694305576043,Kanpur,1
2020-4,-2.6066666666666665,0.03762516046260293,Kochi,3
2020-4,0.04999999999999982,0.018629123893072155,Kohima,1
2020-4,-1.1799999999999997,0.176058417186499,Kolkata,3
2020-4,7.393333333333331,0.05169116773475371,Kota,1
2020-4,-2.6066666666666665,0.05458633681721252,Kozhikode,3
2020-4,2.7766666666666664,0.09236242494196031,Lucknow,1
2020-4,-2.6499999999999995,0.07004711729681776,Ludhiana,3
2020-4,-0.6933333333333331,0.027959438893515244,Mangalore,3
2020-4,2.7766666666666664,0.05922597766891899,Meerut,1
2020-4,2.7766666666666664,0.05985788947025211,Moradabad,1
2020-4,-1.1933333333333334,0.04851786660377794,Mumbai,3
2020-4,-0.6933333333333331,0.020334010559053414,Mysuru,3
2020-4,-1.1933333333333334,0.04462880615574874,Nashik,3
2020-4,-1.8966666666666647,0.10154908194360651,Patna,3
2020-4,2.7766666666666664,0.07085067168435596,Prayagraj,1
2020-4,-6.786666666666667,0.018426472677925937,Puducherry,3
2020-4,-1.1933333333333334,0.07927701473729505,Pune,3
2020-4,0.7233333333333336,0.03329647671626654,Shillong,1
2020-4,-1.1933333333333334,0.03436232261283416,Solapur,3
2020-4,1.0533333333333328,0.08507993381864071,Srinagar,1
2020-4,-2.6066666666666665,0.03870608294849677,Thiruvananthapuram,3
2020-4,2.7766666666666664,0.10350654733478368,Varanasi,1
2020-4,-0.7766666666666673,0.005622552341880138,Visakhapatnam,3
2020-4,-6.413333333333334,0.019312867228534827,Gangtok,3
2021-1,0.09999999999999964,0.024679528836009962,Agartala,1
2021-1,-3.576666666666667,-0.002254232829326408,Agra,4
2021-1,-0.8899999999999997,0.015832322333215756,Aizwal,3
2021-1,0.2699999999999996,0.02756763884891078,Amritsar,1
2021-1,-2.829999999999999,0.01515047568949121,Asansol,3
2021-1,0.0033333333333334103,0.0012047504645286283,Aurangabad,1
2021-1,-3.576666666666667,-0.0018389672945514635,Bareilly,4
2021-1,0.7033333333333329,0.012037787226513205,Belgaum,1
2021-1,0.7033333333333329,-0.007591176711946104,Bengaluru,2
2021-1,-0.6400000000000001,0.011440414952190753,Bhopal,3
2021-1,0.2699999999999996,0.012733947739282575,Chandigarh,1
2021-1,2.6533333333333333,0.046363199127122556,Chennai,1
2021-1,2.6533333333333333,-0.0035250092547414735,Coimbatore,2
2021-1,-1.163333333333333,0.00030178129120023156,Dehradun,3
2021-1,3.170000000000001,0.06216501309773803,Delhi,1
2021-1,-4.626666666666669,0.008490563011234575,Faridabad,3
2021-1,-0.8066666666666666,0.012752082813137222,Gandhinagar,3
2021-1,-3.576666666666667,0.0293493631532199,Ghaziabad,3
2021-1,-3.576666666666667,0.0021551429371916564,Gorakhpur,3
2021-1,-0.6400000000000001,-0.008919382136014758,Gwalior,4
2021-1,0.6566666666666667,0.09951754935027562,Hyderabad,1
2021-1,-0.8899999999999997,0.030733963658943292,Imphal,3
2021-1,-0.6400000000000001,0.007789839878129479,Indore,3
2021-1,-0.6400000000000001,-0.0019733368728374057,Jabalpur,4
2021-1,-2.596666666666664,-0.005313890698973256,Jaipur,4
2021-1,0.2699999999999996,0.007695973046831034,Jalandhar,1
2021-1,-2.596666666666664,0.0004345377612538365,Jodhpur,3
2021-1,-3.576666666666667,-0.00011212345830824422,Kanpur,4
2021-1,-0.16666666666666696,0.0009400138736090496,Kochi,3
2021-1,-0.8899999999999997,0.007387017197983972,Kohima,3
2021-1,-2.829999999999999,0.18962612025868864,Kolkata,3
2021-1,-2.596666666666664,-0.000486509960272663,Kota,4
2021-1,-0.16666666666666696,0.0019392493041918424,Kozhikode,3
2021-1,-3.576666666666667,0.005676473885321109,Lucknow,3
2021-1,0.2699999999999996,0.0010611093271956362,Ludhiana,1
2021-1,0.7033333333333329,-0.0034618358114875958,Mangalore,2
2021-1,-3.576666666666667,0.01034820040808776,Meerut,3
2021-1,-3.576666666666667,-0.005189982736508031,Moradabad,4
2021-1,0.0033333333333334103,0.05067076341896393,Mumbai,1
2021-1,0.7033333333333329,0.006707901625377127,Mysuru,1
2021-1,0.0033333333333334103,0.016978731613970954,Nashik,1
2021-1,1.3733333333333313,0.020436276989151347,Patna,1
2021-1,-3.576666666666667,0.016904326280986787,Prayagraj,3
2021-1,1.233333333333333,-0.019235064895970377,Puducherry,2
2021-1,0.0033333333333334103,0.04674173571028034,Pune,1
2021-1,-1.293333333333334,-0.0039987343081037685,Shillong,4
2021-1,0.0033333333333334103,-0.002724675056889919,Solapur,2
2021-1,1.4466666666666672,-0.004821781814026038,Srinagar,2
2021-1,-0.16666666666666696,0.002339163451651416,Thiruvananthapuram,3
2021-1,-3.576666666666667,0.013674680830491115,Varanasi,3
2021-1,-1.756666666666666,0.045720261972614834,Visakhapatnam,3
2021-1,0.8766666666666669,-0.006338424021372933,Gangtok,2
2021-2,1.2299999999999986,-0.11058447547328798,Agartala,2
2021-2,1.46,-0.1014247081412207,Agra,2
2021-2,3.0233333333333317,-0.036348984356065546,Aizwal,2
2021-2,-0.07000000000000028,-0.13709435477534687,Amritsar,4
2021-2,10.043333333333333,0.008911495711192319,Asansol,1
2021-2,1.4733333333333332,-0.03397206730587349,Aurangabad,2
2021-2,1.46,-0.08800202733699275,Bareilly,2
2021-2,1.9699999999999993,-0.055884512666386894,Belgaum,2
2021-2,1.9699999999999993,0.0015349367761677002,Bengaluru,1
2021-2,-0.27333333333333343,-0.05868764679911871,Bhopal,4
2021-2,-0.07000000000000028,-0.057360959672193707,Chandigarh,4
2021-2,8.936666666666666,-0.09343262989497775,Chennai,2
2021-2,8.936666666666666,-0.03206550058300012,Coimbatore,2
2021-2,1.2866666666666653,-0.04041379154472183,Dehradun,2
2021-2,17.256666666666668,-0.18889845072278966,Delhi,2
2021-2,6.720000000000002,-0.20890600420696642,Faridabad,2
2021-2,-0.8733333333333331,-0.049857725837420666,Gandhinagar,4
2021-2,1.46,-0.18105458605083813,Ghaziabad,2
2021-2,1.46,-0.0997835668180985,Gorakhpur,2
2021-2,-0.27333333333333343,-0.05075325294164222,Gwalior,4
2021-2,1.1733333333333338,-0.1945790938597586,Hyderabad,2
2021-2,3.0233333333333317,-0.0751789745317029,Imphal,2
2021-2,-0.27333333333333343,-0.0726395082714615,Indore,4
2021-2,-0.27333333333333343,-0.03780886248680107,Jabalpur,4
2021-2,6.296666666666667,-0.0638712081395351,Jaipur,2
2021-2,-0.07000000000000028,-0.1053897681746668,Jalandhar,4
2021-2,6.296666666666667,-0.06443197211342253,Jodhpur,2
2021-2,1.46,-0.10058741515942254,Kanpur,2
2021-2,10.383333333333333,-0.04611793772930739,Kochi,2
2021-2,3.0233333333333317,-0.026360083230957516,Kohima,2
2021-2,10.043333333333333,-0.4986143688603538,Kolkata,2
2021-2,6.296666666666667,-0.06415715683658077,Kota,2
2021-2,10.383333333333333,-0.04824249308174472,Kozhikode,2
2021-2,1.46,-0.11397268185063666,Lucknow,2
2021-2,-0.07000000000000028,-0.08780367983308199,Ludhiana,4
2021-2,1.9699999999999993,-0.024220719250814628,Mangalore,2
2021-2,1.46,-0.07832979239544496,Meerut,2
2021-2,1.46,-0.06663671105560878,Moradabad,2
2021-2,1.4733333333333332,-0.027561622190969137,Mumbai,2
2021-2,1.9699999999999993,-0.031338142249339604,Mysuru,2
2021-2,1.4733333333333332,-0.057761081761442165,Nashik,2
2021-2,-0.23333333333333428,-0.12655318112821332,Patna,4
2021-2,1.46,-0.08201203165408319,Prayagraj,2
2021-2,19.683333333333337,0.011867191276778905,Puducherry,1
2021-2,1.4733333333333332,-0.13380817717705706,Pune,2
2021-2,0.7833333333333332,-0.036987740495805006,Shillong,2
2021-2,1.4733333333333332,-0.02894376246879133,Solapur,2
2021-2,-3.9000000000000004,-0.09962644886208805,Srinagar,4
2021-2,10.383333333333333,-0.039315745129671696,Thiruvananthapuram,2
2021-2,1.46,-0.11771821438203411,Varanasi,2
2021-2,3.6900000000000004,-0.028382933560806844,Visakhapatnam,2
2021-2,-0.01333333333333342,-0.007544603512464963,Gangtok,4
2021-3,-0.8699999999999992,-0.016782727661817883,Agartala,4
2021-3,-0.1999999999999993,-0.038073294598155366,Agra,4
2021-3,-2.2799999999999985,-0.013666131182450397,Aizwal,4
2021-3,-0.0600000000000005,-0.005265603975283278,Amritsar,4
2021-3,-9.17666666666667,-0.006674758726635005,Asansol,4
2021-3,-0.7799999999999994,-0.013878237815679331,Aurangabad,4
2021-3,-0.1999999999999993,-0.03219228853473251,Bareilly,4
2021-3,-2.063333333333332,-0.02006127994434457,Belgaum,4
2021-3,-2.063333333333332,-0.04255029028420759,Bengaluru,4
2021-3,0.009999999999999787,-0.015026787947346187,Bhopal,2
2021-3,-0.0600000000000005,0.0074866882956856895,Chandigarh,3
2021-3,-6.853333333333333,0.05189473965129188,Chennai,3
2021-3,-6.853333333333333,-0.013101400353185876,Coimbatore,4
2021-3,-0.9099999999999993,-0.0031918218052579134,Dehradun,4
2021-3,-14.200000000000005,-0.05383126479936945,Delhi,4
2021-3,-2.2633333333333354,-0.10532635069483595,Faridabad,4
2021-3,-0.3933333333333333,0.009480357905415529,Gandhinagar,3
2021-3,-0.1999999999999993,-0.09356933813884949,Ghaziabad,4
2021-3,-0.1999999999999993,-0.01721164384514566,Gorakhpur,4
2021-3,0.009999999999999787,-0.014619510088255017,Gwalior,2
2021-3,-1.5766666666666662,-0.07407516223205292,Hyderabad,4
2021-3,-2.2799999999999985,-0.027229841968032395,Imphal,4
2021-3,0.009999999999999787,-0.012093473454948114,Indore,2
2021-3,0.009999999999999787,-0.017015780272776115,Jabalpur,2
2021-3,-5.443333333333332,-0.013262295034601232,Jaipur,4
2021-3,-0.0600000000000005,-0.012423247171605672,Jalandhar,4
2021-3,-5.443333333333332,-0.007042833575827023,Jodhpur,4
2021-3,-0.1999999999999993,-0.0375094911944039,Kanpur,4
2021-3,-7.510000000000002,-0.02853431083516996,Kochi,4
2021-3,-2.2799999999999985,-0.014887331170424956,Kohima,4
2021-3,-9.17666666666667,-0.00990967534562398,Kolkata,4
2021-3,-5.443333333333332,0.0016270928988423305,Kota,3
2021-3,-7.510000000000002,-0.04945358134044322,Kozhikode,4
2021-3,-0.1999999999999993,-0.03721985546474953,Lucknow,4
2021-3,-0.0600000000000005,-0.0015768881999563,Ludhiana,4
2021-3,-2.063333333333332,-0.01390911914428608,Mangalore,4
2021-3,-0.1999999999999993,-0.011897283147900256,Meerut,4
2021-3,-0.1999999999999993,-0.019109307580746873,Moradabad,4
2021-3,-0.7799999999999994,-0.08338637572915447,Mumbai,4
2021-3,-2.063333333333332,-0.021839847278141505,Mysuru,4
2021-3,-0.7799999999999994,-0.024063123434010833,Nashik,4
2021-3,0.24333333333333584,-0.03494884468809123,Patna,2
2021-3,-0.1999999999999993,-0.05568452756225724,Prayagraj,4
2021-3,-14.830000000000002,0.02526900645455904,Puducherry,3
2021-3,-0.7799999999999994,-0.06327864589452797,Pune,4
2021-3,-2.58,0.002967117919559857,Shillong,3
2021-3,-0.7799999999999994,-0.01867566261443067,Solapur,4
2021-3,5.493333333333336,-0.023060658736583972,Srinagar,2
2021-3,-7.510000000000002,-0.002717853976801597,Thiruvananthapuram,4
2021-3,-0.1999999999999993,-0.05593291476663617,Varanasi,4
2021-3,-1.3099999999999996,0.10215659406590683,Visakhapatnam,3
2021-3,-1.9966666666666668,-0.007469364726839789,Gangtok,4
2021-4,-2.043333333333333,0.10147848614098628,Agartala,3
2021-4,-1.0,0.19268910917464638,Agra,3
2021-4,0.16000000000000014,0.019545021000475452,Aizwal,1
2021-4,0.8766666666666678,0.18754708987696342,Amritsar,1
2021-4,-0.6566666666666663,-0.015559309253810466,Asansol,4
2021-4,-0.12666666666666693,0.04996194147772892,Aurangabad,3
2021-4,-1.0,0.1853683358189775,Bareilly,3
2021-4,-0.3133333333333337,0.06875725534298795,Belgaum,3
2021-4,-0.3133333333333337,0.06618855400208341,Bengaluru,3
2021-4,-0.7099999999999995,0.07683309427699554,Bhopal,3
2021-4,0.8766666666666678,0.07011084403768919,Chandigarh,1
2021-4,-0.3733333333333331,0.05929636044268097,Chennai,3
2021-4,-0.3733333333333331,0.05371179867551792,Coimbatore,3
2021-4,-0.686666666666667,0.03421340006077801,Dehradun,3
2021-4,-2.9899999999999984,0.3575042162936329,Delhi,3
2021-4,3.016666666666673,0.42617913575897903,Faridabad,1
2021-4,0.24999999999999978,0.03414124722348977,Gandhinagar,1
2021-4,-1.0,0.41006853536181753,Ghaziabad,3
2021-4,-1.0,0.13655045502904678,Gorakhpur,3
2021-4,-0.7099999999999995,0.08515421709919048,Gwalior,3
2021-4,-0.623333333333334,0.16031891787711455,Hyderabad,3
2021-4,0.16000000000000014,0.03321061660113726,Imphal,1
2021-4,-0.7099999999999995,0.08740160856608356,Indore,3
2021-4,-0.7099999999999995,0.07048432877439341,Jabalpur,3
2021-4,3.75,0.1133532364604202,Jaipur,1
2021-4,0.8766666666666678,0.1770624232738794,Jalandhar,1
2021-4,3.75,0.07578372714494752,Jodhpur,1
2021-4,-1.0,0.18402679198288063,Kanpur,3
2021-4,-1.7033333333333314,0.07176860097146223,Kochi,3
2021-4,0.16000000000000014,0.02125916087192002,Kohima,1
2021-4,-0.6566666666666663,0.44974069377016784,Kolkata,3
2021-4,3.75,0.08554974777235694,Kota,1
2021-4,-1.7033333333333314,0.11085908893949159,Kozhikode,3
2021-4,-1.0,0.1916541925392975,Lucknow,3
2021-4,0.8766666666666678,0.15583302841566443,Ludhiana,1
2021-4,-0.3133333333333337,0.037846155418131085,Mangalore,3
2021-4,-1.0,0.13755159076203377,Meerut,3
2021-4,-1.0,0.14781062422111352,Moradabad,3
2021-4,-0.12666666666666693,0.09046868091317767,Mumbai,3
2021-4,-0.3133333333333337,0.0567664022629598,Mysuru,3
2021-4,-0.12666666666666693,0.08687907506926129,Nashik,3
2021-4,2.6866666666666674,0.18887036420813932,Patna,1
2021-4,-1.0,0.1697393925012255,Prayagraj,3
2021-4,-3.5966666666666667,-0.0063025405645369265,Puducherry,4
2021-4,-0.12666666666666693,0.177730216172025,Pune,3
2021-4,0.8533333333333333,0.02412202186714922,Shillong,1
2021-4,-0.12666666666666693,0.04975019136165985,Solapur,3
2021-4,2.6599999999999966,0.12968225523892113,Srinagar,1
2021-4,-1.7033333333333314,0.02658269449049353,Thiruvananthapuram,3
2021-4,-1.0,0.2065800854717981,Varanasi,3
2021-4,-1.3066666666666675,-0.11139835282099911,Visakhapatnam,4
2021-4,9.98,0.007472255571226397,Gangtok,1
2022-1,0.9666666666666668,0.007777075315310411,Agartala,1
2022-1,-1.2899999999999996,-0.057299285442852343,Agra,4
2022-1,-0.12666666666666693,0.02094432555919716,Aizwal,3
2022-1,0.11666666666666714,-0.07192264195205056,Amritsar,2
2022-1,-0.4466666666666663,0.02492691622530155,Asansol,3
2022-1,-0.08000000000000007,-0.008038381302007847,Aurangabad,4
2022-1,-1.2899999999999996,-0.06847472318724518,Bareilly,4
2022-1,0.3266666666666669,-0.0065994390585567275,Belgaum,2
2022-1,0.3266666666666669,0.0026288168544523483,Bengaluru,1
2022-1,0.2033333333333336,-0.01394006709619941,Bhopal,2
2022-1,0.11666666666666714,-0.029201181368901902,Chandigarh,2
2022-1,-1.4233333333333338,-0.0381097412518944,Chennai,4
2022-1,-1.4233333333333338,-0.00620940066079903,Coimbatore,4
2022-1,0.030000000000000693,-0.006083110103861908,Dehradun,2
2022-1,0.7133333333333329,-0.14827295535557583,Delhi,2
2022-1,-4.38666666666667,-0.14828945818389944,Faridabad,4
2022-1,-0.009999999999999787,0.004109219434882766,Gandhinagar,3
2022-1,-1.2899999999999996,-0.1292722439261541,Ghaziabad,4
2022-1,-1.2899999999999996,-0.03953108894693022,Gorakhpur,4
2022-1,0.2033333333333336,-0.02513514516400034,Gwalior,2
2022-1,3.253333333333333,0.0020417239173838586,Hyderabad,1
2022-1,-0.12666666666666693,0.062166009957135046,Imphal,3
2022-1,0.2033333333333336,-0.012330475321825352,Indore,2
2022-1,0.2033333333333336,-0.020622791599328408,Jabalpur,2
2022-1,-0.34999999999999787,-0.04275278742940361,Jaipur,4
2022-1,0.11666666666666714,-0.06745373077287659,Jalandhar,2
2022-1,-0.34999999999999787,-0.024180613284360247,Jodhpur,4
2022-1,-1.2899999999999996,-0.054420181768807085,Kanpur,4
2022-1,-0.8433333333333337,-0.0049328249233213245,Kochi,4
2022-1,-0.12666666666666693,0.011476071023626251,Kohima,3
2022-1,-0.4466666666666663,-0.0500425561431137,Kolkata,4
2022-1,-0.34999999999999787,-0.02837493339923658,Kota,4
2022-1,-0.8433333333333337,-0.03874772373044558,Kozhikode,4
2022-1,-1.2899999999999996,-0.056816098211496774,Lucknow,4
2022-1,0.11666666666666714,-0.07025262985939801,Ludhiana,2
2022-1,0.3266666666666669,-0.0040307525408298794,Mangalore,2
2022-1,-1.2899999999999996,-0.049555373209574205,Meerut,4
2022-1,-1.2899999999999996,-0.0604551296873283,Moradabad,4
2022-1,-0.08000000000000007,0.01044409753356218,Mumbai,3
2022-1,0.3266666666666669,0.005699958926198734,Mysuru,1
2022-1,-0.08000000000000007,-0.012132092152801394,Nashik,4
2022-1,-1.0200000000000014,-0.06272282097450388,Patna,4
2022-1,-1.2899999999999996,-0.0560540747330438,Prayagraj,4
2022-1,-0.9466666666666672,-0.029347771043126678,Puducherry,4
2022-1,-0.08000000000000007,0.006826577246938081,Pune,3
2022-1,-0.22666666666666657,0.0025334647913574787,Shillong,3
2022-1,-0.08000000000000007,-0.004586302946157597,Solapur,4
2022-1,-1.6766666666666623,0.05090048307456435,Srinagar,3
2022-1,-0.8433333333333337,0.0034271934984828473,Thiruvananthapuram,3
2022-1,-1.2899999999999996,-0.0793983546000373,Varanasi,4
2022-1,1.7033333333333331,0.010421072633971296,Visakhapatnam,1
2022-2,0.1366666666666685,-0.1126919217855673,Agartala,2
2022-2,-0.4066666666666672,-0.10108566403150895,Agra,4
2022-2,0.16999999999999993,-0.03730298353020223,Aizwal,2
2022-2,-0.11000000000000121,-0.07667570366975082,Amritsar,4
2022-2,-0.3466666666666667,-0.006504094523256704,Asansol,4
2022-2,-0.1800000000000006,-0.031992997052809946,Aurangabad,4
2022-2,-0.4066666666666672,-0.05864142067841416,Bareilly,4
2022-2,1.3133333333333335,-0.04495313699498053,Belgaum,2
2022-2,1.3133333333333335,-0.03181587434760441,Bengaluru,2
2022-2,-1.2033333333333336,-0.04081481820819281,Bhopal,4
2022-2,-0.11000000000000121,-0.04643929572135877,Chandigarh,4
2022-2,-1.4300000000000002,-0.05581478826715594,Chennai,4
2022-2,-1.4300000000000002,-0.03510449646715699,Coimbatore,4
2022-2,1.7633333333333336,-0.019908465714058812,Dehradun,2
2022-2,0.9500000000000011,-0.22914100503053464,Delhi,2
2022-2,2.956666666666667,-0.17864469493605473,Faridabad,2
2022-2,0.40666666666666673,-0.05206715978074519,Gandhinagar,2
2022-2,-0.4066666666666672,-0.18769172372246906,Ghaziabad,4
2022-2,-0.4066666666666672,-0.0823891395147518,Gorakhpur,4
2022-2,-1.2033333333333336,-0.05254166455417614,Gwalior,4
2022-2,3.0300000000000002,-0.09362762544510847,Hyderabad,2
2022-2,0.16999999999999993,-0.07130012571266474,Imphal,2
2022-2,-1.2033333333333336,-0.0668372871499519,Indore,4
2022-2,-1.2033333333333336,-0.026227240113664757,Jabalpur,4
2022-2,1.649999999999995,-0.06079845181385586,Jaipur,2
2022-2,-0.11000000000000121,-0.08316790640367713,Jalandhar,4
2022-2,1.649999999999995,-0.043599285820323914,Jodhpur,2
2022-2,-0.4066666666666672,-0.07425388062741944,Kanpur,4
2022-2,0.11666666666666714,-0.03734072136378372,Kochi,2
2022-2,0.16999999999999993,-0.024910737048874372,Kohima,2
2022-2,-0.3466666666666667,-0.4474654480130455,Kolkata,4
2022-2,1.649999999999995,-0.05954260071083707,Kota,2
2022-2,0.11666666666666714,-0.01676207022594274,Kozhikode,2
2022-2,-0.4066666666666672,-0.07087610030083011,Lucknow,4
2022-2,-0.11000000000000121,-0.06787181442043413,Ludhiana,4
2022-2,1.3133333333333335,-0.02029511471595609,Mangalore,2
2022-2,-0.4066666666666672,-0.0693510860512514,Meerut,4
2022-2,-0.4066666666666672,-0.05085302900477126,Moradabad,4
2022-2,-0.1800000000000006,-0.06415275482972516,Mumbai,4
2022-2,1.3133333333333335,-0.03995038736679978,Mysuru,2
2022-2,-0.1800000000000006,-0.058748662792481296,Nashik,4
2022-2,2.2300000000000004,-0.1100132435435753,Patna,2
2022-2,-0.4066666666666672,-0.06965755849569336,Prayagraj,4
2022-2,-1.233333333333333,0.028244007272215405,Puducherry,3
2022-2,-0.1800000000000006,-0.14152153666569328,Pune,4
2022-2,1.233333333333333,-0.038415272569225244,Shillong,2
2022-2,-0.1800000000000006,-0.028518520869012312,Solapur,4
2022-2,-0.7333333333333343,-0.16231076797871286,Srinagar,4
2022-2,0.11666666666666714,-0.02690011169014081,Thiruvananthapuram,2
2022-2,-0.4066666666666672,-0.09174933874128247,Varanasi,4
2022-2,-2.7733333333333334,-0.033488203598662336,Visakhapatnam,4
2022-2,-0.3533333333333335,0.0018948093092574295,Gangtok,3
2022-3,-0.7900000000000027,-0.008141406300588835,Agartala,4
2022-3,0.3500000000000001,-0.02898306206076641,Agra,2
2022-3,-0.7833333333333332,-0.0048569602290952744,Aizwal,4
2022-3,-0.5633333333333326,-0.05266776389790455,Amritsar,4
2022-3,0.5166666666666666,-0.014290748993505492,Asansol,2
2022-3,-0.273333333333333,-0.01625135469777384,Aurangabad,4
2022-3,0.3500000000000001,-0.08875711859531502,Bareilly,2
2022-3,-0.06666666666666687,-0.01960808534882428,Belgaum,4
2022-3,-0.06666666666666687,-0.05612785244154121,Bengaluru,4
2022-3,0.74,-0.027469606986291653,Bhopal,2
2022-3,-0.5633333333333326,-0.019155412406187122,Chandigarh,4
2022-3,0.1800000000000006,-0.00048254890707200015,Chennai,2
2022-3,0.1800000000000006,-0.015826074221654204,Coimbatore,2
2022-3,-2.780000000000001,0.08742785690848426,Delhi,3
2022-3,-2.9499999999999993,-0.11257822133165746,Faridabad,4
2022-3,0.020000000000000018,0.010203635739761005,Gandhinagar,1
2022-3,0.3500000000000001,-0.11667204163127104,Ghaziabad,2
2022-3,0.3500000000000001,-0.050996507665503954,Gorakhpur,2
2022-3,0.74,-0.0037916599789572514,Gwalior,2
2022-3,-3.9299999999999997,-0.0985235208845634,Hyderabad,4
2022-3,-0.7833333333333332,-0.027994272503776813,Imphal,4
2022-3,0.74,-0.016067269254244447,Indore,2
2022-3,0.74,-0.018622117316699757,Jabalpur,2
2022-3,-7.793333333333333,0.004995410464400232,Jaipur,3
2022-3,-0.5633333333333326,-0.03944354996956116,Jalandhar,4
2022-3,-7.793333333333333,-0.015661563080011258,Jodhpur,4
2022-3,0.3500000000000001,-0.06948866402922285,Kanpur,2
2022-3,-0.7333333333333343,-0.03178875860985693,Kochi,4
2022-3,-0.7833333333333332,-0.009756546339523352,Kohima,4
2022-3,0.5166666666666666,-0.06204276192435401,Kolkata,2
2022-3,-7.793333333333333,0.025240792350840632,Kota,3
2022-3,-0.7333333333333343,-0.05832753867709848,Kozhikode,4
2022-3,0.3500000000000001,-0.08538598062361824,Lucknow,2
2022-3,-0.5633333333333326,-0.02711543329888269,Ludhiana,4
2022-3,-0.06666666666666687,-0.017288454678031,Mangalore,4
2022-3,0.3500000000000001,-0.05471786595504581,Meerut,2
2022-3,0.3500000000000001,-0.05643446466589644,Moradabad,2
2022-3,-0.273333333333333,-0.0888156827183447,Mumbai,4
2022-3,-0.06666666666666687,-0.028369500451129577,Mysuru,4
2022-3,-0.273333333333333,-0.017154836349448352,Nashik,4
2022-3,2.7233333333333327,-0.06321826133225296,Patna,2
2022-3,0.3500000000000001,-0.03869634501990013,Prayagraj,2
2022-3,-1.1766666666666667,-0.009002146306646738,Puducherry,4
2022-3,-0.273333333333333,-0.05239624740303383,Pune,4
2022-3,-1.3799999999999997,0.011640623359231446,Shillong,3
2022-3,-0.273333333333333,-0.02390340310207731,Solapur,4
2022-3,3.1633333333333304,-0.025724625934304246,Srinagar,2
2022-3,-0.7333333333333343,-0.0023597314595274893,Thiruvananthapuram,4
2022-3,0.3500000000000001,-0.05674940267848369,Varanasi,2
2022-3,1.086666666666667,0.08582893431772634,Visakhapatnam,1
2022-3,-3.156666666666667,-0.009023834469152836,Gangtok,4
